SMILES,class
CC(O)CN,0
CCC(C)(C)N,0
CC(C)C(N)CO,0
CCC(CC)COC(C)=O,0
Nc1ccccc1CO,0
CCOC(=O)c1cccc(O)c1,0
OC1CCCCC1,0
O=Cc1cccnc1,0
C=C(CCl)CCl,1
C=CCS(=O)(=O)c1ccccc1,0
O=Cc1ccc(O)c(O)c1O,0
CCCC(N)=O,0
COC(=O)c1ccc([N+](=O)[O-])cc1,0
O=Cc1cccc(O)c1O,0
Clc1ccc(-c2c(Cl)cc(Cl)c(Cl)c2Cl)c(Cl)c1Cl,1
CCOC(=O)C(CC)C(=O)OCC,0
OCCCCCCO,0
Cc1cc(NS(=O)(=O)c2ccc(N)cc2)no1,0
OCCO,0
O=Cc1ccc([N+](=O)[O-])o1,1
CCCCCC(O)CC,0
CCCCBr,0
Cc1ccc(C)o1,0
O=C(O)CCCCCCCCC(=O)O,0
O=c1cc[nH]c(=S)[nH]1,1
CC(=O)C(C)CN(C)C,1
CCC(C)c1ccc(N)cc1,0
O=C(Nc1ccc(Cl)cc1)Nc1ccc(Cl)c(Cl)c1,1
Cc1cc(Cl)ncc1[N+](=O)[O-],0
CC(=O)c1ccc(Cl)c([N+](=O)[O-])c1,1
CCCOC(=O)CBr,1
COc1cccc(N)c1,1
CCCCN(C=O)CCCC,0
O=[N+]([O-])c1ccc(CO)cc1,0
CC(C)c1ccc(Br)cc1,0
c1ccc(-c2cccc(-c3ccccc3)n2)cc1,1
O=Cc1ccco1,0
CCS(=O)(=O)c1ccccc1,0
S=C1SSC2=NCCN12,1
NC(=O)COc1ccccc1,0
ClC1=C(Cl)C2(Cl)C3C4OC4C(Cl)C3C1(Cl)C2(Cl)Cl,1
O=[N+]([O-])NC1=NCCN1Cc1ccc(Cl)nc1,0
O=Cc1ccc(Cl)o1,0
COC(=O)c1ccc(C=O)cc1,0
c1ccc2cccc-2cc1,1
O=[N+]([O-])c1ccc(Br)cc1,0
Cc1cc(O)c(C(C)C)cc1Cl,1
CCCCCCC(Br)C(=O)OCC,1
O=C(O)CC(F)(F)C(F)(F)C(F)(F)C(F)(F)F,0
Oc1cccc(O)c1,0
OCCC(c1ccccc1)c1ccccc1,0
BrCC1CCCCO1,0
Cc1cccc(Cl)n1,0
COc1ccc(Cl)cc1,0
CCCCCCCCNC(N)=S,1
Cc1cc(C)c(C)c(O)c1,0
COP(=O)(OC)Oc1nc(Cl)c(Cl)cc1Cl,1
Cc1ccc(O)cc1,0
Clc1ccc(-c2ccccc2)cc1,1
CCCCCCCCCCCC=O,1
Cc1cccc(O)c1,0
Oc1c(F)cccc1F,0
O=NN(c1ccccc1)c1ccccc1,1
NC(=O)CCCl,0
O=C(CBr)Oc1ccc([N+](=O)[O-])cc1,1
Clc1ccccc1-c1ccccc1,1
Clc1cccc(Br)c1Cl,0
CCCCOC(=O)c1ccccc1,0
CCCCCCN=C=S,1
Cc1c(O)c(Br)c(Br)c(Br)c1Br,1
O=C1CCO1,0
OC1COC(O)C(O)C1O,0
C=CCOC(=O)C=C,0
CCCCCCl,0
CCCOC(=O)c1ccccc1C(=O)OCCC,0
CCC(=O)C(=O)CC,0
CC(=O)c1ccccc1,0
Cc1ccc(N)cc1[N+](=O)[O-],0
CCCCCCC(=O)CCCCCC,1
O=S(c1ccccc1)c1ccccc1,0
O=[N+]([O-])c1cc(Br)ccc1Br,0
ClCCCc1ccccc1,0
CC(=O)c1ccncc1,0
c1ccc(NNc2ccccc2)cc1,1
O=C(O)CCCCBr,0
O=[N+]([O-])c1c(O)cccc1O,0
CC(Cl)CCl,0
CCc1ccc(Br)cc1,0
CCCCOCCO,0
COc1cccc2ccccc12,0
CCCCCCCS,0
O=c1ccc(Cl)c[nH]1,0
CCSCCSCC,0
Cc1nc2ccccc2nc1C,0
O=C1CCC(=O)CC1,0
COc1ccccc1[N+](=O)[O-],0
CC(C)(C)c1ccc(N)cc1,0
CCOC(=O)C(C)N(C(=O)c1ccccc1)c1ccc(Cl)c(Cl)c1,1
CCOC(=O)C(NC(C)=O)C(=O)OCC,0
CCNCCO,0
C=CC(=O)OC,0
CN(C)C(=S)SSC(=S)N(C)C,1
CCOP(=S)(OCC)SCSc1ccc(Cl)cc1,1
O=[N+]([O-])c1ccc2ccccc2c1O,1
CCOc1cc(C=O)ccc1O,0
O=C1CCCCCO1,0
CC1(C)NC(=O)NC1=O,0
CCC(=O)c1ccco1,0
CCCCNC(=O)n1c(NC(=O)OC)nc2ccccc21,1
ClC(Cl)=C(Cl)Cl,0
CC1CNCCN1,0
Cc1cc(C(F)(C(F)(F)F)C(F)(F)F)ccc1NC(=O)c1cccc(I)c1C(=O)NC(C)(C)CS(C)(=O)=O,0
CC(C)(O)CCc1ccccc1,0
CC(C)(C)c1ccc(CO)cc1,0
CC(C)C(=O)O,0
CC1(C)CCC(C)(C)O1,0
CC(O)(c1ccc(Cl)cc1)c1ccc(Cl)cc1,1
CCC(O)CO,0
CCCCCCOc1ccc(C=O)cc1OC,1
O=Cc1ccc(O)c2ccccc12,0
CC(=O)NN,0
COc1ccc(OC)cc1,0
c1ccoc1,0
O=C(CCl)c1ccc(Cl)cc1,0
Oc1cccnc1Cl,0
CCC1OC(=O)C(C)C(OC2CC(C)(OC)C(O)C(C)O2)C(C)C(OC2OC(C)CC(N(C)C)C2O)C(C)(O)CC(C)C(=O)C(C)C(O)C1(C)O,1
c1ccc2c(c1)ccc1oc3ccccc3c12,1
Fc1ccc(Br)cc1,0
CC(=O)CCC(C)C,0
O=[N+]([O-])c1ccc(Oc2c(Cl)cc(Cl)cc2Cl)cc1,1
OCCCCCO,0
CCCCC(=O)OCCC,0
O=Cc1ccc(Br)o1,0
CCOC(=O)Cc1ccc(O)c(OC)c1,0
CC1(C)C(=O)N(Cl)C(=O)N1Br,0
C=CS(C)(=O)=O,0
CCOC(=O)C(Br)C(C)C,0
CC(=O)c1ccc(O)c(C(N)=O)c1,0
CCCCC(=O)O,0
CC(C)(C)CCN,0
Nc1ccc(F)cc1C(F)(F)F,0
NNC(=O)CCCCC(=O)NN,0
Ic1ccccc1,0
O=C(CBr)Nc1cc([N+](=O)[O-])ccc1O,0
CC1CC(=O)O1,0
CC(C)N,0
Brc1ccc(Oc2ccc(Br)cc2Br)c(Br)c1,0
CCOC(=O)c1ccc(C(C)(C)C)cc1,1
CCCCOCCOP(=O)(OCCOCCCC)OCCOCCCC,0
CC(=O)c1ccco1,0
CCCCCOC(C)=O,0
CCOC(=O)c1cccs1,0
CCC(=O)CC,0
CCCN(CCC)C(=S)SSC(=S)N(CCC)CCC,1
c1ccc(Oc2ccccc2)cc1,1
CN(C)c1ccc(C=O)cc1,0
CCC(=O)c1ccc(N)cc1,0
Cc1ccnc(C)c1,0
CCCc1ccccc1N,0
O=C(O)C(F)(F)C(F)(F)C(F)(F)F,0
CC(=O)CC(C)C,0
CCc1ccc(-c2ccccc2)cc1,1
CCOCCCN,0
NCCCCCCO,0
C1C2CC3CC1CC(C2)C3,1
CCOP(=S)(OCC)Oc1ccc(S(C)=O)cc1,0
CCCOC(=O)CCC,0
c1ccc2nc3ccccc3nc2c1,1
Oc1c(O)c(Cl)c(Cl)c(Cl)c1Cl,1
COc1cccc([N+](=O)[O-])c1,0
CC(=O)C(C)(C)C,0
CCCCCCCCC=O,0
Fc1ccc(Oc2ccc(F)cc2)cc1,1
CC(=O)c1cccc([N+](=O)[O-])c1,0
O=[N+]([O-])c1c(F)cc(F)c(F)c1F,1
Cc1ccc(O)c(O)c1,0
CN=C=S,1
O=C(O)CCCCCCCBr,0
CCOC(=O)CCC(=O)CCC(=O)OCC,0
CCOC(=O)Cc1cccnc1,0
Cc1cc[nH]c(=O)c1[N+](=O)[O-],0
C=Cc1ccc2ccccc2c1,1
NCCN1CCNCC1,0
NCCc1ccccn1,0
CC(=O)c1c(C)c[nH]c1C,0
CCCCCCCC(=O)OC,0
O=[N+]([O-])c1cc([N+](=O)[O-])c(Cl)cc1Cl,1
O=Cc1cc(Br)c(O)c(Br)c1,0
NCCCN1CCN(CCCN)CC1,0
S=C=Nc1ccc(N=C=S)cc1,1
CC(C)COC(=O)C(C)C,0
COP(=O)(O)OC,0
OCc1cccc(F)c1,0
COC(=O)CCBr,0
CNC(=S)N(C)C,0
OCc1ccccc1O,0
CC(Br)C(N)=O,0
Cc1ccc2ccccc2c1[N+](=O)[O-],0
O=C(CBr)c1ccc2ccccc2c1,1
CCCCCCCCCC,0
CC(=O)OCCCCCBr,0
Oc1c(Cl)cc(Cl)c(Cl)c1Cl,1
Cc1ccc(F)cc1[N+](=O)[O-],0
Cc1ccc([N+](=O)[O-])cc1O,0
O=C(c1ccccc1)c1ccccc1,0
c1ccc(-c2ccc(-c3ccccc3)o2)cc1,1
OCc1ccc(Cl)cc1,0
S=C=NC(c1ccccc1)c1ccccc1,1
CCN(CC)C(=S)SSC(=S)N(CC)CC,1
CCCCc1ccc(N=C=S)cc1,1
O=Cc1cccs1,0
NC(=O)c1ccccc1,0
CCCN(CCC)c1c([N+](=O)[O-])cc(C(F)(F)F)cc1[N+](=O)[O-],1
CCOC(=O)c1ccc(Cl)cc1,0
c1ccc2c(c1)Cc1ccccc1O2,0
CCN(C)c1ccccc1,0
COC(C)(C)C,0
CCC(N)=O,0
NCCCN,0
Brc1ccc(Oc2ccc(Br)cc2Br)cc1,1
CCSCC,0
CCC(=O)c1ccc(O)cc1,0
CC12CCC(CC1)C(C)(C)O2,0
COc1ccc(C=O)c(Cl)c1O,0
Nc1c(Br)cc(Br)cc1[N+](=O)[O-],1
CCN(CC)C(=O)c1cccc(C)c1,0
COc1cccc(O)c1,0
Sc1ccccc1,1
COP(=S)(S)OC,0
ClC(Cl)C(Cl)Cl,0
c1ccc(Cc2ccncc2)cc1,0
Cc1ccc([N+](=O)[O-])cc1F,0
CC(C)(C)O,0
Cc1cc(O)c(C(C)C)cc1N=Nc1ccc(S(=O)(=O)c2ccc(N=Nc3cc(C(C)C)c(O)cc3C)cc2)cc1,1
O=C(Cc1ccccc1)c1ccc(O)cc1,0
O=Cc1cccc([N+](=O)[O-])c1O,0
NC(=O)c1c(Cl)cccc1Cl,0
Cc1cc([N+](=O)[O-])ccc1Br,0
Cc1csc2ccccc12,1
CCCCOc1ccc(N)cc1,0
CC(C)CCCCCOC(=O)c1ccccc1C(=O)OCCCCCC(C)C,1
O=Cc1ccc(C=O)cc1,0
O=[N+]([O-])c1ccc(O)c(CCl)c1,0
CC(=O)Nc1cccc(O)c1,0
O=C1CCCCC1,0
CCOC(=O)C(C(=O)OCC)=C(C)C,0
CC(C)(C)OC(=O)CBr,1
BrCc1ccccc1,0
CC(C)(C)OC(=O)CCl,0
O=C(O)CCCCCCCCCCC(=O)O,0
CCN(CC)c1nc(C)cc(OP(=S)(OC)OC)n1,1
C=COC(C)=O,0
CCCCC(C#N)(Cn1cncn1)c1ccc(Cl)cc1,0
CCCCCCc1ccc(O)cc1O,1
Oc1cccc(-c2ccccc2)c1,1
CCC(CO)c1ccccc1,0
OCc1ccccc1I,0
O=C(O)c1cccc(Cl)c1Cl,0
CCCCCCOc1ccc(N)cc1,1
CCCCNC(N)=S,0
c1cnc2c(c1)ccc1ncccc12,0
CCN(CC)c1ccc(C=O)cc1,0
COC(=O)C(C)Br,0
ClC(Cl)(Cl)Cl,0
Clc1ccc(Cl)c(Cl)c1Cl,1
CCCCCCCCCCCC(C)=O,1
O=S1OCC2C(CO1)C1(Cl)C(Cl)=C(Cl)C2(Cl)C1(Cl)Cl,1
CCCCCCC(=O)OC,0
CN(C)P(=O)(OP(=O)(N(C)C)N(C)C)N(C)C,0
NC(=S)c1ccccc1,0
CCOc1ccccc1O,0
CC(C)(C)c1cc(N)cc(C(C)(C)C)c1,1
O=[N+]([O-])c1c(Cl)cc(Cl)cc1Cl,1
CC(O)CO,0
O=[N+]([O-])c1ccc(O)c(O)c1,0
O=[N+]([O-])c1c(F)c(F)c(F)c(F)c1F,1
CCCCOCCOCCOCc1cc2c(cc1CCC)OCO2,1
CCOc1ccc(C=O)cc1,0
CC1CCC(=O)O1,0
CCOC(=O)c1ccc([N+](=O)[O-])cc1,0
Cc1c(C)c(O)c(C)c(C)c1O,1
CCCCCCC(O)CC,0
C=CC(C)(C)O,0
O=Cc1cccc(Cl)c1,0
Cc1ccc2ccccc2c1C=O,1
CCCCCCCCC(C)O,0
CS(C)=O,0
CCOC(=O)c1ccccc1O,0
Cc1ccncc1,0
CCOP(=S)(Oc1ccc([N+](=O)[O-])cc1)c1ccccc1,1
CCCCCCCCCCNC(N)=S,1
O=C(O)CCCCCBr,0
Cc1ccc(Cl)c(C=O)c1F,0
COc1c(O)c(Cl)c(Cl)c(Cl)c1Cl,1
CC(=O)OC1CC2CCC1(C)C2(C)C,0
CCCC(C)O,0
CC1COC(Cn2cncn2)(c2ccc(Oc3ccc(Cl)cc3)cc2Cl)O1,1
O=[N+]([O-])c1ccncc1,0
Oc1c(Cl)cc(Cl)c(Cl)c1Cc1c(O)c(Cl)cc(Cl)c1Cl,1
CN(C)c1ccccn1,0
COc1ccc(Cl)c(Cl)c1Cl,1
Cc1[nH]cnc1C=O,0
Cc1cccc(C=O)c1,0
Cc1cccc(CO)c1,0
COC(=O)CCl,0
O=[N+]([O-])c1cccs1,0
O=[N+]([O-])c1ccc(O)c(F)c1,0
C=CCNc1ccccc1,0
O=c1c(Cc2c(O)oc3ccccc3c2=O)c(O)oc2ccccc12,1
CCOC(=O)CC(C)C,0
CCCCC(CC)C(=O)O,0
CCCCCCCC(=O)CC,0
c1ccc2c(c1)oc1ccccc12,1
Nc1cc(F)c(F)cc1[N+](=O)[O-],0
O=S1(=O)C=Cc2ccccc21,0
CC(C)CCBr,0
c1ccc2scnc2c1,0
CCCN(CCOc1c(Cl)cc(Cl)cc1Cl)C(=O)n1ccnc1,0
Cc1cccc(C)n1,0
C=CC(=O)CCCCC,1
CCS,1
CCCCc1ccc(N)cc1,0
CCCCC,0
O=[N+]([O-])c1cc(Cl)cc(Cl)c1[N+](=O)[O-],1
CCOc1ccc(N)c([N+](=O)[O-])c1,0
Cc1ccc(Br)cc1,0
COc1cc(OC)c(OC)cc1C=O,0
CC(=O)c1ccn(C)c1,0
CC(C)c1ccc(N)cc1,0
CCC(Br)C(Br)CC,0
CCCCCCOC=O,0
CCCCOCN(C(=O)CCl)c1c(CC)cccc1CC,1
C=CC(=O)NC(C)C,0
O=C1C=CCC1,0
CCCCCCCCO,0
CC(=O)Cl,0
c1ccsc1,0
CCCCCCCCCCCC(C)O,1
OCC(O)CCl,0
CC(C)(Br)[N+](=O)[O-],1
S=C=NCCc1ccccc1,1
CCCCOC(=O)CC,0
CN(C)c1ccccc1,0
CCC(O)Cc1ccccc1,0
ClCC(Cl)(Cl)Cl,0
CCOCC,0
CCC(=O)NC,0
CCCCCCCC(=O)c1ccccc1,1
CCCCC(C)=O,0
CCCCCCCCCCC(=O)O,0
O=C(O)C(F)(F)C(F)(F)C(F)(F)C(F)(F)C(F)(F)C(F)(F)F,0
CCC=O,0
CCCCCCCCc1ccc(N)cc1,1
CC1(C)C2CCC1(C)C(O)C2,0
CNc1ccc(C(=O)OC)cc1,0
CCCCOCCCC,0
CCOCCOC(C)=O,0
CC(C)(C)C(N)CO,0
COP(=S)(OC)SCn1nnc2ccccc2c1=O,1
CCCCCC1CCC(=O)O1,0
CC(C)(O)CCC(O)C(C)(O)C1CCC2(O)C3=C(CCC12C)C1(C)CC(O)C(O)CC1C(=O)C3,1
COP(=S)(OC)Oc1ccc(Sc2ccc(OP(=S)(OC)OC)cc2)cc1,0
O=[N+]([O-])c1cccc2cccnc12,0
CCCCCl,0
COc1cc(C=O)cc(OC)c1O,0
CC(C)(C)c1ccccc1O,1
CCC(C)c1cc([N+](=O)[O-])cc([N+](=O)[O-])c1O,1
Oc1c(Cl)c(Cl)c(Cl)c(Cl)c1Cl,1
OCc1cccc2ccccc12,0
ClC(Cl)c1ccccc1,0
CN(C)C=O,0
CC(O)CC(C)(C)O,0
C=COC(=O)C(=C)C,0
Oc1ccc(F)c(Cl)c1,0
CCNc1nc(NC(C)(C)C)nc(OC)n1,0
O=C(O)c1cc(Br)ccc1Br,0
Oc1ccc(O)c(-c2ccccc2)c1,1
CCCC(=O)C(C)=O,0
CCC1(CCC(C)C)C(=O)NC(=O)NC1=O,0
Oc1c(Cl)cc(Br)cc1Cl,1
CCCCOC(=O)CCC,0
OC1CC2CCC1C2,0
CCc1ccc([N+](=O)[O-])cc1,0
O=C(c1ccccc1)c1ccccc1O,0
CCC(C)n1c(=O)[nH]c(C)c(Br)c1=O,0
O=[N+]([O-])c1cccc(O)c1[N+](=O)[O-],0
CCCSc1ccccc1,0
OCc1ccccc1Cl,0
ON=C(O)c1ccccc1O,0
Cc1c([N+](=O)[O-])cccc1[N+](=O)[O-],0
O=[N+]([O-])c1cc(Cl)c(O)c(Cl)c1,0
CC(C)(Br)C(=O)C(C)(C)Br,0
Cc1cocn1,0
Nc1ncc([N+](=O)[O-])cn1,0
CC(C)CC(N)=O,0
CCOC(=O)C(C)Cl,0
O=C(O)CCCOc1ccc(Cl)cc1Cl,0
Clc1cccc(-c2ccccc2)c1,1
O=[N+]([O-])c1cc(CO)cc([N+](=O)[O-])c1,0
Cc1ccc(N)cc1Cl,0
O=Cc1cc2ccccc2c2ccccc12,1
O=C(O)Cc1ccc(O)cc1,0
[O-][N+](O)=CBr,1
ClC(Cl)(Cl)C(Cl)(Cl)Cl,1
CCC1CCC(=O)O1,0
CNCC(N)C(=O)O,1
ClC1CCCCC1Cl,0
Clc1ccc(Br)s1,0
COC(=O)CCCCBr,0
CCOP(=S)(OCC)SCn1c(=O)oc2cc(Cl)ccc21,1
O=[N+]([O-])c1cc(Cl)c(Cl)c(Cl)c1Cl,1
Cc1ccccc1C,0
S=C=NCc1ccccc1,1
COC(=O)Nc1nc2ccccc2[nH]1,1
OCCOCCOCCO,0
CCCCCCCCCCCCCOC(=O)c1ccccc1C(=O)OCCCCCCCCCCCCC,1
C=CC(=O)OCCCC,0
OC(CCl)CCl,0
Oc1cccc(Nc2ccccc2)c1,0
CCc1ccc(C(=O)NN(C(=O)c2cc(C)cc(C)c2)C(C)(C)C)cc1,0
OCc1ccccc1-c1ccccc1,0
CCCCCCCCCC(C)O,1
Oc1c(F)c(F)c(F)c(F)c1F,1
CCCCOc1ccccc1,1
CC1CCOC1=O,0
O=[N+]([O-])c1ccccc1F,0
CS(C)(=O)=O,0
c1ccc(Nc2ccccc2)cc1,1
Cc1cc(Cl)cc(Cl)c1O,1
Fc1ccccn1,0
Fc1nc(F)c(F)c(Br)c1F,0
CCCCCCOc1ccc(O)cc1,1
NCc1ccc(Cl)cc1,0
COc1ccccc1C=O,0
O=C(O)c1cc(Br)cc(Br)c1,0
Nc1c(Br)cc([N+](=O)[O-])cc1[N+](=O)[O-],0
O=[N+]([O-])c1ccc([N+](=O)[O-])cc1,1
C1CCCCC1,0
CCCC(CO)CCC,0
CCCCCCCCCCC(=O)OC,1
CC(O)CCC(C)O,0
COc1ccc(C(C)=O)cc1,0
O=C1C=CC(=O)c2c(O)cccc21,1
CCCCCCCC(O)CCCCC,1
Cc1ccc(N)cc1N,0
Oc1c(O)c(Br)c(Br)c(Br)c1Br,0
CC(O)c1ccccc1,0
CC(C)CO,0
CCCCCCCCCCO,1
Oc1c(F)c(F)c(O)c(F)c1F,1
CCCCCCC(C)O,0
CC(Cl)(Cl)Cl,0
Nc1ccc(Cl)c(Cl)c1,1
O=S(Cc1ccccc1)Cc1ccccc1,0
O=[N+]([O-])C(CO)(CO)CO,0
Nc1cccc([N+](=O)[O-])c1,0
O=Cc1cccc2ccccc12,0
C=CC(C)=O,1
CC(C)(CN)CO,0
CCCCCCCCOC(=O)C(C)O,0
CC(C)COC(=O)c1ccccc1,0
CCCS,1
CSc1ccccc1,0
CC(O)C(c1ccccc1)c1ccccc1,0
CC(C)(C)OC=O,0
CCCC(C)N,0
COC(=O)c1ccc(OC)cc1,0
CC1(C)OCC(CO)O1,0
CCCCS(=O)CCCC,0
CC(=O)c1cccn1C,0
CN(C)C(=O)Nc1ccc(Oc2ccc(Cl)cc2)cc1,1
CCc1ccncc1,0
CC(=O)Nc1ccccc1O,0
OC1Cc2ccccc2C1,0
COP(=O)(OC)OC,0
c1ccc2c(c1)CCC2,0
CCOCCOCCO,0
COc1cc(C=O)cc(O)c1OC,0
C=CC(C)(O)CCC1C(=C)CCC2C(C)(C)CCCC12C,1
Brc1ccc(Oc2c(Br)cc(Br)cc2Br)c(Br)c1,1
CC(N)=O,0
Cc1ccc(N)cc1C,0
COC(=O)c1ccc(C(=O)OC)c(N)c1,1
CCC(Cl)Cl,0
CC(C)(C)C(=O)C(Oc1ccc(Cl)cc1)n1cncn1,0
O=Cc1cc(C(F)(F)F)cc(Cl)c1F,0
CCCCCc1ccc(O)cc1,1
c1ccc2ncncc2c1,0
Clc1cc(Cl)cc(Cl)c1,0
SC1CCCCC1,0
CCCCC(CC)COC(=O)CCCCC(=O)OCC(CC)CCCC,1
COC(=O)CCCBr,0
CCN(CC)C1CCCCC1,0
NC(=O)CI,1
CCCCCCCCOC(C)=O,0
Cc1cccc(O)c1C,0
OCCCCl,0
NC(=O)c1ccccc1N,0
SCCCCCCS,0
CCC(C)CC(=O)O,0
O=[N+]([O-])c1ccco1,0
CCCCCOC(=O)c1ccccc1,1
CCc1cccc2ccccc12,0
CCCCC(=O)OC,0
CCOP(=S)(OCC)SC1OCCOC1SP(=S)(OCC)OCC,0
CCc1cccs1,0
O=[N+]([O-])c1ccc(Br)nc1,0
COC(=O)c1cccc(O)c1,0
CCCCCCCCCN,1
CCCCCCCC(=O)O,0
CC(C)CC(=O)OCCc1ccccc1,0
COc1ccc(C(C)=O)c(O)c1,0
OCc1cccc(Br)c1,0
OCCOCCO,0
CC(C)(CC(=O)O)CC(=O)O,0
CCC1(c2ccccc2)C(=O)NC(=O)NC1=O,0
Cc1cc(O)c(C)c(C)c1O,1
C=CSc1ccccc1,0
CCc1ccccc1O,0
Brc1ccc(Oc2ccccc2)cc1,1
CCCOC(C)=O,0
Cc1ccccc1C(=O)c1ccccc1,1
CCCCOC(=O)c1ccc(O)cc1,1
CC(C)CCOC(=O)c1ccc(O)cc1,1
CCOC(=O)C(C)C,0
COC(=O)c1ccco1,0
OCC(Br)(Br)Br,0
O=[N+]([O-])c1cc([N+](=O)[O-])c2ccccc2c1O,1
CCCCOC(C)=O,0
ClCCCl,0
CC1CCCCC1=O,0
c1c[nH]cn1,0
O=[N+]([O-])c1c(Cl)c(Cl)c([N+](=O)[O-])c(Cl)c1Cl,1
CN(C)C(=S)N(C)C,0
c1ccc(C2CO2)cc1,0
O=[N+]([O-])c1cc(F)ccc1F,0
Nc1ccc([N+](=O)[O-])cc1N,0
OCCCBr,0
ClCCCCl,0
CCOc1ccc(O)cc1,0
ClCCCCCCl,0
Nc1ccc(Cl)c(Cl)c1Cl,1
NNC(N)=S,0
Cc1ccc(N)c(Cl)c1,0
CCc1cccc(O)c1,0
ClC1=C(Cl)C2(Cl)C3C(Cl)C(Cl)CC3C1(Cl)C2(Cl)Cl,1
Oc1ccc(F)cc1F,0
Cc1ccc(N)cc1,0
O=[N+]([O-])c1ccc(O)cc1F,0
CCCCNC(=S)NCCCC,0
Cc1ncc[nH]1,0
ClCC(Cl)Cl,0
Nc1ccc(Br)cn1,0
CCCS(=O)CCC,0
CC(C)(C)CC=O,0
CC(C)SSC(C)C,1
CNC,0
CCCCCCC(C)=O,0
CC(C)(C)CCO,0
CC1CCCC1=O,0
O=C(OCc1ccccc1)c1ccc(O)cc1,1
O=C(O)c1cc(Cl)ccc1O,0
CCCCCCCC(C)O,0
C=CS(=O)(=O)CC,0
Cc1ccc([N+](=O)[O-])c([N+](=O)[O-])c1,1
Cc1cc(N)c([N+](=O)[O-])cc1[N+](=O)[O-],1
C=CC(=O)OCCCCCCC,0
OC1CCCCC1c1ccccc1,0
CO,0
c1cc(CCc2ccncc2)ccn1,0
CCc1ccc(C)nc1,0
CC(C)(C)c1ccc(C(N)=O)cc1,0
Oc1ccc(C2CCCCC2)cc1,1
Cc1nc(C)c(C)o1,0
CC(C)(O)C(F)(F)C(F)F,0
CCCCCCCCCCCCCO,1
CCOP(=S)(OCC)SCSCC,1
CCCCC(=O)CCCC,0
Nc1cc(Cl)ccc1O,0
OCCN(CCO)c1ccccc1,0
CCCCCC1CCCC(=O)O1,0
CC(=O)c1ccc[nH]1,0
Oc1c(Br)cc(Br)c(O)c1Br,0
CCC(C)CO,0
O=C(O)c1c(Cl)ccc(Cl)c1Cl,1
CCOC(=O)CC(S)C(=O)OCC,0
S=C=NCCCc1ccccc1,1
CC(C)c1ccc(C=O)cc1,0
CC(=O)c1cc[nH]c1,0
ON=C(O)c1ccccc1,0
O=C1C(Cl)=C(Cl)C(=O)c2ccccc21,1
CCN(CC)CCCC(C)=O,0
O=[N+]([O-])c1ccc(CO)cc1[N+](=O)[O-],0
c1cnccn1,0
CCCCOCCOC(=O)COc1ccc(Cl)cc1Cl,1
NC(=O)C(Cl)(Cl)Cl,0
COC(=O)c1ccc(C(C)(C)C)cc1,0
COCOC,0
CC(=O)c1ccc(C)o1,0
OCCc1ccc2ccccc2c1,0
CCC(=O)OCC(C)C,0
Clc1cc(Cl)c(Cl)c(Cl)c1Cl,1
CCCCCCCCCC(=O)O,0
CC(C)(C)c1ccc(CSc2cnn(C(C)(C)C)c(=O)c2Cl)cc1,1
COc1c(O)cc(Cl)c(Cl)c1Cl,1
O=Cc1ccc([N+](=O)[O-])cc1,0
Oc1ccc(O)c(O)c1,0
Clc1ccc(C(c2ccc(Cl)cc2)C(Cl)Cl)cc1,1
OCc1ccccc1F,0
Cc1cc(Cl)ccc1N,0
Nc1c(F)c(F)c(F)c(F)c1F,0
CC12CCC(CC1=O)C2(C)C,0
c1ccc2nc3ccccc3cc2c1,1
COP(=S)(OC)Oc1ccc([N+](=O)[O-])c(C)c1,1
Cc1cc(Cl)c([N+](=O)[O-])cc1[N+](=O)[O-],1
OC12CC3CC(CC(C3)C1)C2,0
NCC(O)CO,0
CCCCCCCO,0
Oc1ccccc1Br,0
CC(=O)c1cccs1,0
CCOC(=O)CCCl,0
Fc1ccc(-c2ccccc2)cc1,0
Cc1nccnc1C,0
C=Cn1c2ccccc2c2ccccc21,1
Cc1c(N)cc([N+](=O)[O-])cc1[N+](=O)[O-],0
O=C(c1cccs1)C(F)(F)F,0
CCCC(=O)CCC,0
Clc1ccc(Cl)c(-c2cc(Cl)ccc2Cl)c1,1
c1cc2ccc3cccc4ccc(c1)c2c34,1
O=C1NCCN1,0
C1CSCCS1,0
COC(=O)Cc1ccccc1,0
CCCCCCCCCCC=O,1
Oc1cc(Cl)c(Cl)cc1O,1
CCCc1ccc(O)cc1,0
CCOC(=O)CI,1
COC(=O)CCCCCCC(=O)OC,0
C=COC(=O)c1ccc(C(C)(C)C)cc1,1
COC(=O)NC(=S)Nc1ccccc1NC(=S)NC(=O)OC,0
CC1=CC(=O)c2ccccc2C1=O,1
CNC(=O)Oc1cc(C)c(N(C)C)c(C)c1,0
O=[N+]([O-])c1ccc(F)cc1,0
Nc1ccccc1[N+](=O)[O-],0
Oc1cccc(I)c1,0
COc1ccc(O)cc1,0
C=CCCCCO,0
O=C(O)c1ccc(Cl)cc1,0
Oc1cc(Cl)ccc1Cl,0
CCCCCc1cccs1,1
O=P(c1ccccc1)(c1ccccc1)c1ccccc1,0
CCCCCC(=O)c1ccccc1,0
COC(=O)CCC(=O)OC,0
CNCCO,0
CCOC(=O)CCCCCBr,0
O=C(CBr)c1ccsc1,1
Cc1cc(N)ccc1O,1
CC(=O)c1ccc(O)cc1,0
O=C(O)CCCCCl,0
Cc1ccsc1Br,0
c1ccc2cc3ccccc3cc2c1,1
Cc1cc(O)c([N+](=O)[O-])cc1[N+](=O)[O-],1
ClC1C(Cl)C(Cl)C(Cl)C(Cl)C1Cl,1
CC(=O)OCCCCBr,0
O=[N+]([O-])c1ccc(Nc2ccccc2)cc1,1
C=CC(C)O,0
CCOC(=O)CCl,0
C=CCCCO,0
Cc1ccc([N+](=O)[O-])cc1,0
CCOc1cc(O)ccc1OC,0
CCN(CCO)c1cccc(C)c1,0
Oc1ccc(C2CCCC2)cc1,1
Brc1cccc2ccccc12,1
CCCCCCCCCOC(=O)c1ccc(O)cc1,1
Nc1ccccc1I,0
CC(C)CCCCCOC(=O)C(C)Oc1cc(Cl)c(Cl)cc1Cl,0
O=C(c1ccccc1)c1ccc(O)cc1,0
CC(C)C(C)N,0
c1ccc2occc2c1,0
CN1CCCC1=O,1
CCn1c(O)cc(=O)n(CC)c1=S,0
Nc1cc([N+](=O)[O-])cc(Cl)c1O,0
CCOC(=O)CC(=O)OCC,0
C1CN2CCN1CC2,0
O=Cc1ccc([N+](=O)[O-])s1,1
COC(=O)c1ccccc1,0
O=Cc1ccc2c(c1)Cc1ccccc1-2,1
O=[N+]([O-])c1ccc(Cl)c(Cl)c1Cl,1
Oc1ccc(Cl)cc1Cc1cc(Cl)ccc1O,1
CCOC(=O)CCCCCC(=O)OCC,0
Clc1cccs1,0
CCC(C)O,0
Clc1cccc(Cl)c1Cl,0
C=C(C=O)CC,0
O=Cc1ccc(-c2ccccc2)cc1,0
O=C(O)C(F)(F)C(F)(F)F,0
CCC(Br)C(=O)O,0
O=c1ccc2ccccc2o1,0
BrCCCCCCBr,0
CCC(C)C(C)C=O,0
CCCCOc1ccc(O)cc1,0
CC(=O)N(C)C,0
C=CC1(C)CCC2C(=CCC3C(C)(C(=O)O)CCCC23C)C1,1
CC(C)C=O,0
Oc1ccccc1F,0
CC(Cl)C(N)=O,0
COC(=O)CCCCCCCCCCCC(=O)OC,1
CN(C)N,1
O=C(O)c1ccc(Cl)c(Cl)c1,0
Cc1ccc(C=O)o1,0
CCC(=O)C(C)=O,0
O=C(c1ccccc1)c1ccncc1,0
O=Cc1ccoc1,0
CCCCCC(N)=O,0
O=[N+]([O-])c1c(Cl)cc(Cl)c([N+](=O)[O-])c1Cl,1
CCCCCO,0
C=CCC(=O)O,0
BrC(Br)c1ccccc1,0
Cc1cc(O)cc(C)c1Cl,1
Clc1cccc(Cl)c1Br,0
O=Cc1c(O)cc(O)cc1O,0
COc1ccc([N+](=O)[O-])cn1,0
CCOS(=O)OCC,0
O=[N+]([O-])c1ccc(CBr)cc1,1
CCOC(=O)CC,0
CCCI,0
C=CCC(O)C=C,0
CNC(=O)Oc1ccccc1OC(C)C,1
OCc1ccc2ccccc2c1,0
CC(C)CCO,0
C=CC(=O)OC(C)(C)C,0
O=[N+]([O-])c1cccc(Br)c1,0
Cc1ccc(O)c(C(C)(C)C)c1,1
O=[N+]([O-])c1cc(Br)c(O)c(Br)c1,0
Nc1cc([N+](=O)[O-])ccc1O,0
CCC(C)=O,0
CCc1ccco1,0
C1COCCO1,0
O=Cc1ccccn1,0
CC1(N)CCC(C(C)(C)N)CC1,0
O=Cc1cccc(C=O)c1,0
Cc1ccc(Cl)cc1N,0
OC(C(F)(F)F)C(F)(F)F,0
O=Cc1cccc(O)c1,0
O=C1C=Cc2ccccc2C1=O,1
O=C(O)c1ccc(Br)cc1,0
CC(C)(C)CC(C)(C)c1ccc(O)cc1,1
CCCCC=O,0
CCCCCCOC(=O)c1ccccc1C(=O)OCCCCCC,1
CSc1nc(N)nc(NC(C)(C)C)n1,0
CCCCCCCCCCCCO,1
Cc1c(N)cccc1Cl,0
COc1ccc(C=O)c(OC)c1,0
CCCCCCC=O,0
CCCCOC(C)COC(=O)C(C)Oc1cc(Cl)c(Cl)cc1Cl,1
C=CCCCBr,0
Clc1ccc(Br)cc1,0
NC(=O)c1ccc(O)cc1,0
O=C(O)Cc1ccccc1Nc1c(Cl)cccc1Cl,0
C=CCSCC=C,0
CCCCC(=O)C(C)=O,0
C=CCI,0
CCCCCCCCCCCN,1
O=Cc1ccc(Cl)c([N+](=O)[O-])c1,0
O=Cc1ccc(O)cc1,0
CCNCC,0
CCSCCCCSCC,1
CCNc1nc(NCC)nc(SC)n1,0
CCCCCCO,0
CCC(Cl)C(N)=O,0
CC(=O)OC(C)(C)C,0
O=Cc1ccc([N+](=O)[O-])c(O)c1,0
CCCC(=O)OC,0
CCNC(N)=S,0
CC(=O)OC(C)C,0
BrCCSc1ccccc1,0
O=[N+]([O-])c1ccccc1-c1ccccc1,1
Cc1ccc(C(C)C)cc1,1
CCCCc1ccco1,0
CCOP(=O)(OCC)Oc1ccc([N+](=O)[O-])cc1,1
Cc1cc(C)c([N+](=O)[O-])cc1[N+](=O)[O-],1
NC(=O)c1cccc(Br)c1,0
CCN(C)CC,0
Cc1ccc([N+](=O)[O-])c(O)c1,0
CC(=O)c1cccc(N)c1,0
O=Cc1cc(Br)cc(Br)c1O,1
Cc1cccc(O)c1O,0
CCC(=O)c1ccccc1,0
CCOC(C)=O,0
CCC(O)C(C)CO,0
CNC(C)=O,0
CC(=O)OCC(C)C,0
O=[N+]([O-])c1c(Cl)c(Cl)cc(Cl)c1Cl,1
CCCC(=O)OCC,0
CCCCCCCCCCCO,1
CC(C)(C)SC(C)(C)C,0
CCCCC(=O)OCC,0
CC(C)(O)Cc1ccccc1,0
CC1=CCCC1=O,0
O=[N+]([O-])c1cc(Br)cc(F)c1O,1
NCCN,0
O=CCc1ccccc1,0
S=C1NCCN1,0
CCCCCCCCCCCCOCCOCCOCCOCCOCCOCCOCCO,0
CN(C)N=O,0
C1CCOC1,0
C=CCCO,0
COC=O,0
CC(C)N(CCO)C(C)C,0
CCc1cc(O)ccc1Cl,0
CCCCCC(=O)OC,0
c1cnc2ccc3ncccc3c2c1,0
O=[N+]([O-])c1cc(Cl)ccc1O,1
COC(=O)CBr,1
Nc1ccccc1F,0
CN(C)C(N)=S,0
CCCN=C=S,1
CCCCCOc1ccc(C=O)cc1,0
Cc1ccc(N)c([N+](=O)[O-])c1,0
C=C(C)C(=O)OCC1CCCO1,0
Cc1cc(C)c(O)c(N)c1,0
OC(CS)C(O)CS,0
Cc1ccc(O)c(Br)c1,0
ClC1=C(Cl)C2(Cl)C=CC1(Cl)C2(Cl)Cl,1
C=CCCC(C)=O,0
Nc1ccc(C(=O)Oc2ccccc2)c(O)c1,1
c1cn[nH]c1,0
C=CC(O)CCC,0
O=c1c([NH+]([O-])O)cc(=[N+]([O-])O)c(=O)c1=O,0
O=c1cccc(Cl)[nH]1,0
COc1ccc(C)cc1,0
CCc1cccc(CC)c1N(COC)C(=O)CCl,1
CCOP(=O)(SC(C)CC)N1CCSC1=O,1
O=Cc1cc(Cl)cc(Cl)c1Cl,1
O=Cc1cc(O)ccc1[N+](=O)[O-],0
CC(=O)CC(C)=O,0
OCCOc1cccc(O)c1,0
C=C(Cl)Cl,0
Cc1cc([N+](=O)[O-])c(O)c([N+](=O)[O-])c1,0
C=C(C)C(=O)OCC,0
CN(C)C(=O)N(C)C,0
O=[N+]([O-])c1c(Cl)ncnc1Cl,1
BrCCCc1ccccc1,0
Cc1cc(O)cc(O)c1,0
COc1c(Cl)c(Cl)c(Cl)c(Cl)c1Cl,1
O=S(=O)(O)C(F)(F)C(F)(F)C(F)(F)C(F)(F)C(F)(F)C(F)(F)C(F)(F)C(F)(F)F,1
COC(=O)c1ccc(Cl)cc1,0
Cc1ccc(C)c2ccccc12,1
C=CC(O)CC,0
O=C(O)c1cccc(Cl)c1,0
CC(C)(C)C(N)=O,0
O=C(c1ccc(O)cc1O)c1ccc(O)cc1O,0
COc1ccc(N)cc1O,0
CCC(C)N,0
O=CN(c1ccccc1)c1ccccc1,0
COC(N)=O,0
Ic1cccc2ccccc12,1
Cc1nnc(N)nc1C,0
CCCCOc1ccc([N+](=O)[O-])cc1,1
CCCCCCCCCC(=O)OC,1
CCOc1ccc(C(=O)OC)cc1,0
Oc1cc(O)c(Cl)cc1Cl,0
O=C(Nc1cccc(Cl)c1)c1cccc([N+](=O)[O-])c1O,1
COP(=S)(OC)Oc1nc(Cl)c(Cl)cc1Cl,1
O=C(CCl)CCl,1
O=C(O)c1ccccc1O,0
CCCNCCO,0
O=[N+]([O-])c1ccccc1CO,0
Clc1cc(Cl)c(Cl)c(Cl)c1,1
CCOC(=O)c1ccccc1C(=O)OCC,0
c1ccc(Cc2ccccn2)cc1,0
O=[N+]([O-])c1cc(N=C=S)ccc1Cl,1
CC(C)CCCCCCOC(=O)c1ccccc1C(=O)OCCCCCCC(C)C,1
CCCC(O)CO,0
Cc1ccccn1,0
CC(CCO)c1ccccc1,0
O=[N+]([O-])c1cc(F)cc(I)c1,0
Oc1c(Cl)cc(F)cc1Cl,0
OCC(Cl)Cl,0
Nc1ccc([N+](=O)[O-])cn1,0
CC(C)CC(=O)O,0
CC(C)c1ccccc1O,0
CCCCC(=O)Cl,0
O=[N+]([O-])c1ccc(I)c([N+](=O)[O-])c1,1
Cc1c(N)ccc(O)c1C,1
O=[N+]([O-])c1cc(Cl)c(Cl)cc1[N+](=O)[O-],1
CCOC(=O)CCCBr,0
Cc1ccc(C=O)cc1,0
C=C(C)C(=O)OCC(C)C,0
CCCCCCCCn1sccc1=O,1
C=C1CCC2CC1C2(C)C,1
O=Cc1ccc(O)cc1Cl,0
CN(C)C(=O)C(c1ccccc1)c1ccccc1,0
Nc1cc([N+](=O)[O-])ccc1Cl,0
CCCCC(C=O)CC,0
Oc1c(Cl)cccc1Cl,0
CCC(C)(C)N=C=S,0
O=P(Oc1ccccc1)(Oc1ccccc1)Oc1ccccc1,1
CC(C)(C)c1ccc(Oc2cccc(C=O)c2)cc1,1
CCCCCC(C)=O,0
CC(C)(c1cc(Br)c(O)c(Br)c1)c1cc(Br)c(O)c(Br)c1,1
CCCCC(C)O,0
O=Cc1cc(Cl)cc(Cl)c1O,1
Nc1ccc(O)c([N+](=O)[O-])c1,0
CC(C)(CO)CCl,0
Nc1cc([N+](=O)[O-])cc([N+](=O)[O-])c1,0
O=Cc1cccc(F)c1,0
Nc1c(Br)cc(Cl)cc1Br,1
Cc1cccnc1,0
O=[N+]([O-])c1ccc(F)c(F)c1F,1
OCCc1cccc2ccccc12,0
O=Cc1ccc(I)o1,0
CC(O)(Cc1ccccc1)c1ccccc1,0
c1ccc(CN2CCNCC2)cc1,0
O=C(O)CS,0
Oc1ccc(O)c(Cl)c1,1
CCCCC[N+](=O)[O-],0
COc1cc(C(C)=O)ccc1O,0
CCCCCCCCCCOC(C)=O,1
O=C(Oc1cccc(O)c1)c1ccccc1,0
Cc1ccc(O)c([N+](=O)[O-])n1,0
COc1cc(Cl)cc(Cl)c1,0
OCCNCCO,0
CC(C)OC(C)C,0
NC(=O)c1cccs1,0
Cc1ccc(C)c(OCCCC(C)(C)C(=O)O)c1,0
CC(=O)Nc1ccc(C=O)cc1,0
Cc1cc(C)c(O)c(C)c1,0
CC(C)CCCO,0
COC(=O)CC(=O)OC,0
c1ccc(-c2ccccn2)cc1,0
O=[N+]([O-])c1cc([N+](=O)[O-])c(F)cc1F,1
CCc1ccccn1,0
CC(=O)C(C)Cl,0
NC(=O)C(Br)CBr,1
CCOP(=S)(OCC)OP(=S)(OCC)OCC,1
CC(N)CN,0
CSCCCCCCSC,0
CCN(C)C,0
C=CC(=C)C,0
CCCCCCC(=O)c1ccccc1,1
c1ccc2cnccc2c1,0
CCN(CC)C(=O)CCl,0
COc1ccc2cc(C(C)C(=O)O)ccc2c1,1
O=[N+]([O-])c1cccnc1Cl,0
O=C(O)C(F)(F)C(F)(F)C(F)(F)C(F)(F)C(F)(F)C(F)(F)C(F)(F)F,0
Clc1cccc(C(Cl)(Cl)Cl)n1,1
CC(C)C(N)=O,0
CC(c1ccc(Cl)cc1)c1ccc(Cl)cc1,1
OCCc1ccc(Cl)cc1,0
CCCN(CCC)c1c([N+](=O)[O-])cc(C(C)C)cc1[N+](=O)[O-],1
COC(C)=O,0
OCCCCCl,0
Oc1ccc(F)cc1,0
O=Cc1c(O)ccc2ccccc12,1
CC(C)Nc1nc(Cl)nc(NC2CC2)n1,1
S=c1[nH]c2cc(Cl)ccc2s1,1
Cc1cccc(C)c1O,0
O=C1CC(=O)c2ccccc2C1=O,0
CC(Br)C(=O)C(=O)C(C)Br,1
Oc1c[nH]c(=S)[nH]1,0
CCOC(=O)C(Br)C(=O)OCC,1
CCCCc1ccsc1,0
CCOP(=S)(OCC)Oc1nc(Cl)c(Cl)cc1Cl,1
Clc1nc(Cl)c(Cl)c(Cl)c1Cl,1
CCCO,0
OCCBr,0
C=C(C)CCC(C)=O,0
OCCCCCCBr,0
Cc1ccc(N)c(C)c1,0
O=S(=O)(c1ccc(Cl)cc1)c1cc(Cl)c(Cl)cc1Cl,1
Nc1ccc(C(=O)c2ccccc2)cc1,0
O=C(CBr)C(=O)CBr,1
O=Cc1ccc(Cl)cc1Cl,0
OCC(Br)CBr,0
O=[N+]([O-])c1cc(Br)ccc1O,1
ClCCCCCl,0
O=[N+]([O-])c1cc(F)ccc1O,1
COP(=S)(OC)Oc1cc(Cl)c(Cl)cc1Cl,1
Oc1cccc(Cl)c1Cl,1
CCNC(=S)Nc1ccccc1,0
CCCCCCC(=O)Cl,0
CCCSSCCC,1
C=CCC(C(=O)OCC)C(=O)OCC,0
CCOC(=O)CCCCC(=O)OCC,0
CCC(N)CC,0
CCc1nc(N)nc(N)c1-c1ccc(Cl)cc1,1
C=C(C)C(=O)OC,0
OCCN1CCOCC1,0
Oc1cc(Cl)cc(Cl)c1Cl,1
Nc1c(Cl)c(Cl)cc(Cl)c1Cl,1
O=C(O)CCCCCC(=O)O,0
CCCCCCCC1CCC(=O)O1,0
Cc1cc(C)cc(N=C=S)c1,1
Cc1cc(O)cc(C)c1C,0
Cc1ccc(Cl)c(N)c1Cl,0
O=[N+]([O-])c1ncccc1O,0
CCCOS(=O)OCCC,0
CCCCCOC(=O)CC,0
COC(=O)c1ccccc1C(=O)OC,0
O=C(Nc1ccccc1)c1ccccc1O,1
CC(C)COC=O,0
O=C(O)C(Cl)(Cl)Cl,0
C=CCCCCCCC=C,1
CC(C)CN,0
ClC1CCCC1,0
O=Cc1cc(O)ccc1O,0
Cn1cc(-c2ccccc2)c(=O)c(-c2cccc(C(F)(F)F)c2)c1,0
C=C(C)C(=O)OCCO,0
ClC1(Cl)C2(Cl)C3(Cl)C4(Cl)C(Cl)(Cl)C5(Cl)C3(Cl)C1(Cl)C5(Cl)C24Cl,0
COc1ccc([N+](=O)[O-])cc1,0
CCCCOS(=O)(=O)OCCCC,0
CNC(=O)Oc1cccc2c1OC(C)(C)C2,1
CC(C)(C)CO,0
OCC(c1ccccc1)c1ccccc1,0
Cc1cc(N)c([N+](=O)[O-])cc1C,0
Cc1ccc(C(=O)c2ccccc2)cc1,1
CCC(CC)C(=O)O,0
Clc1ccccc1,0
Clc1cc(Cl)cc(C2(CC(Cl)(Cl)Cl)CO2)c1,1
c1ccc2c(c1)[nH]c1ccccc12,0
NCCc1ccc(Cl)cc1,0
CCCCN=C=S,1
Oc1ccc(Cl)c(O)c1,0
c1ccc2sccc2c1,0
Cc1cccc(C)c1N,0
c1ccc2c(c1)ccc1ccccc12,1
NCCCCO,0
CCCCCCCOc1ccc(O)cc1,1
CCCCCCCCBr,1
Cc1c(O)cccc1[N+](=O)[O-],0
CCC(Cl)C(=O)O,0
CCCCC(Br)CBr,0
Brc1ccoc1,0
CCCCCCCC(=O)Cl,0
CCCC(=O)NN,0
OCc1ccoc1,0
CC(=O)c1ccc(O)cc1C,0
Cc1cccc([N+](=O)[O-])c1N,0
c1ccnnc1,0
CC(O)CBr,0
CC(C)(C)c1ccc(Br)cc1,0
CCCCOCCOC(=O)C(C)Oc1cc(Cl)c(Cl)cc1Cl,1
O=[N+]([O-])c1cccc([N+](=O)[O-])c1,0
Cc1ccncc1C,0
O=[N+]([O-])c1cccc(-c2ccccc2)c1,1
C1CO1,0
CCCCCc1cc(O)cc(O)c1,1
S=C=Nc1ccccc1,1
CCCCCCOC(=O)c1ccccc1,1
COc1ccc(C(C)=O)c(OC)c1OC,0
NC(=S)Nc1ccccc1,0
CN(C)C(=O)NC1CC2CC1C1CCCC21,0
CCc1cccc(CC)c1,1
Clc1ccc(-c2ccc(Cl)c(Cl)c2)cc1Cl,1
Cc1cnc2ccccc2n1,0
CC(C)C(C)O,0
COc1ccccc1,0
CC(C)CCCCCCCCCCNCCCCCCCCCCC(C)C,1
Cc1ccc(CCO)cc1,0
ClC1=C(Cl)C2(Cl)C3C4CC(C5OC45)C3C1(Cl)C2(Cl)Cl,1
CCC(C)(O)c1ccccc1,0
Nc1ccccc1C(=O)c1ccc(Cl)cc1,1
BrC(Br)Br,0
O=C1C=C(c2ccccc2)C(=O)C=C1c1ccccc1,1
CCSC(=O)N1CCCCCC1,0
C=COC(=O)CCC,0
CCCCC(CC)CO,0
CCOC(=O)CBr,1
O=C(O)COc1ccc(Cl)cc1Cl,0
CC(CN)c1ccccc1,0
CC(N)=S,0
Cc1ccnc(Cl)c1[N+](=O)[O-],0
c1ccc2c(c1)ccc1cccnc12,1
Nc1ccc(O)cc1,0
C=C(C)OC(C)=O,0
O=C(O)c1c(Cl)cc(Cl)cc1Cl,0
CC(C)(C)C(=O)CCl,1
CCOP(=S)(CC)Oc1cc(Cl)c(Cl)cc1Cl,1
O=[N+]([O-])c1ccc(Br)c([N+](=O)[O-])c1,1
CC1=CC(=O)c2c(O)cccc2C1=O,1
NC(CO)CO,0
Cc1c([N+](=O)[O-])ccc(N)c1[N+](=O)[O-],0
Cc1c([N+](=O)[O-])cc([N+](=O)[O-])cc1[N+](=O)[O-],1
O=[N+]([O-])c1cccc(O)c1,0
OCCCCCCCl,0
Brc1ccc(Oc2cc(Br)c(Br)cc2Br)c(Br)c1,0
CCOC(=O)C(F)(F)F,0
Oc1cccc(O)c1O,0
CC(C)CC(N)CO,0
COC(=O)C(C)(C)C,0
Cc1ccccc1,0
NC(=S)NCc1ccccc1,0
C=CCC(C)O,0
NC(=O)N1c2ccccc2C=Cc2ccccc21,1
O=[N+]([O-])c1ccc(Cl)nc1,0
C=CC(N)=O,0
Cc1c(N)cccc1[N+](=O)[O-],0
NC(=O)c1ccccc1[N+](=O)[O-],0
Nc1cccc(O)c1,0
O=[N+]([O-])c1cc(I)c(O)c(I)c1,1
NCCCCCO,0
O=C(O)c1cn(C2CC2)c2cc(N3CCNCC3)c(F)cc2c1=O,1
CC(N)c1ccccc1,0
O=[N+]([O-])c1cccc2ncccc12,0
CCCNC(N)=S,0
CCOc1cc(NC(C)=O)ccc1C(=O)OC,0
Oc1cccnc1Br,0
O=C(O)CCCCl,0
OCCCc1cccnc1,0
CCCCC(O)CO,0
Oc1ccccc1-c1ccccc1O,0
O=[N+]([O-])c1ccc(F)cc1O,0
C=C(C)C(=C)C,1
Cc1c(Cl)cc(C(C)(C)C)c(O)c1C(=O)Nc1ccc([N+](=O)[O-])cc1Cl,1
O=C(Cl)c1ccccc1,0
C=CCc1ccc(OC)cc1,0
CCCCC(N)CO,0
c1ccc(-c2cccc3ccccc23)cc1,1
CCCCNC,0
CCCC[N+](=O)[O-],0
CCOC(=O)c1ccc(I)cc1,1
CBr,1
O=Cc1cccc(Br)c1,0
COc1ccc(Br)cc1,0
O=[N+]([O-])OCCOCCO[N+](=O)[O-],0
CC(C)(CO)CBr,0
C=CC(=O)OCCC(C)C,0
CC(C)(N)CO,0
O=Cc1ccc(O)c([N+](=O)[O-])c1,0
O=C(O)c1ccccc1,0
O=Cc1ccccc1Br,0
CC(C)(C)c1ccc(O)c(N)c1,0
Oc1cc(Cl)ccc1Oc1ccc(Cl)cc1Cl,1
CCCCCCCCCCc1ccc(N)cc1,1
CCCCCCCCCCC(C)O,1
C=COC(=O)CC,0
COC(=O)c1ccc(Br)cc1,0
Nc1c(Cl)cc(Cl)cc1[N+](=O)[O-],0
CCOC(=O)CCCC(=O)CC(=O)OCC,0
CCN(CC)N=O,0
O=C(CBr)c1ccc2ccc3cccc4ccc1c2c34,1
CCOC(=O)c1ccc(Br)cc1,0
O=C(O)C1C2CCC(O2)C1C(=O)O,0
Cc1ccsc1,0
Cc1c([N+](=O)[O-])ccc([N+](=O)[O-])c1[N+](=O)[O-],1
O=[N+]([O-])c1cc(O)cc([N+](=O)[O-])c1,1
Cc1cc([N+](=O)[O-])ccc1[N+](=O)[O-],1
CCCCCCCBr,1
CCC(=O)O,0
CC(C)(C)C(=O)CBr,1
CCCC(=O)O,0
ClCc1ccc(CCl)cc1,1
CCCCCCCCl,1
O=[N+]([O-])c1cc(Cl)ccc1Cl,0
O=C(CO)c1ccccc1,0
CCC(C)(C)c1ccc(O)cc1,1
O=C(O)CC(=O)O,0
CC(=O)OCCCCCCl,0
OCCCCCCCCCl,0
CC(C)OP(C)(=O)OC(C)C,0
O=[N+]([O-])c1cc(O)ccc1Cl,1
CCCC(O)Cc1ccccc1,0
O=C(O)CCC(=O)O,0
O=C(O)C(F)(F)C(F)(F)C(F)(F)C(F)(F)F,1
CCCCCC(=O)CC(C)=O,0
Cc1cc(O)cc(C)c1Br,0
c1ccc2nccnc2c1,0
CCOC(=O)c1ccccn1,0
Clc1ccc(-c2ccc(Cl)cc2Cl)c(Cl)c1,1
OCc1c(F)c(F)c(F)c(F)c1F,0
CCCC(C)=O,0
Clc1sccc1Br,0
COc1ccccc1N,0
C=CC(=O)OCCC(C)OC(=O)C=C,0
COc1cccc(C=O)c1,0
Cc1ccccc1F,0
COCCN,0
CC(C)CBr,0
CC(=O)OC1=CCCCC1,0
O=Cc1ccccc1[N+](=O)[O-],0
CCOC(=O)c1ccc(N)cc1,0
NC(=O)c1ccc(Cl)cc1Cl,0
CCOC(=O)N(C(=O)OCC)C(=O)OCC,0
Cc1cc(Cl)nc(N)n1,0
SCCCCCCCCS,0
OC(c1ccccc1)c1ccccc1,0
O=[N+]([O-])N1CN([N+](=O)[O-])CN([N+](=O)[O-])CN([N+](=O)[O-])C1,0
CC(=O)CCC(C)=O,0
OCc1ccc(-c2ccccc2)cc1,0
COc1cccc(Cl)c1,0
CCCCCCCCC(O)CCC,1
NC(=O)c1cc([N+](=O)[O-])c(N)c([N+](=O)[O-])c1,0
CCCNC,0
C=CS(=O)c1ccccc1,0
O=Cc1ccc(Br)cc1,0
CCCN,0
CCCSP(=O)(OCC)Oc1ccc(Br)cc1Cl,1
C=C(C)C(=O)OCCCCCC,0
NCCO,0
CC(=O)c1ccc(Cl)cc1Cl,0
Oc1c2c(c(O)n1SC(Cl)(Cl)Cl)CC=CC2,1
CCNc1nc(NC(C)C)nc(SC)n1,1
c1ccc2ncccc2c1,0
CCCCOC(=O)c1ccccc1C(=O)OCCCC,1
COC(=O)C1C(C(=O)OC)C2(Cl)C(Cl)=C(Cl)C1(Cl)C2(Cl)Cl,1
COc1ccc(C(=O)c2ccccc2)c(O)c1,1
Fc1ccc(C2CCNCC2COc2ccc3c(c2)OCO3)cc1,1
Clc1ccc(-c2ccc(Cl)cc2Cl)cc1,1
Oc1ccc(O)c(Br)c1,1
O=Cc1ccc(O)cc1O,0
CC(=O)c1ccc(C)[nH]1,0
O=C(O)c1ccccc1Cl,0
CCCCCCCCCC(C)=O,1
Oc1ccc(Oc2ccc(O)cc2)cc1,1
CCOC(=O)c1ccc(C)cc1,0
CC(C)c1ccc(CO)cc1,0
OCc1ccc(F)cc1,0
CC(C)(C)C(=O)O,0
OCc1cccc(Cl)c1,0
C=C(C)C(=O)OCCC,0
C=CC=O,1
Oc1c(-c2ccccc2)cccc1-c1ccccc1,1
Cc1cc(Br)cc(Cl)c1O,0
CC=O,0
CNC(=S)NC,0
ClC(Cl)C(Cl)(Cl)Cl,1
CCOC(=O)CCCCCCC(=O)OCC,0
OCC(Cl)(Cl)Cl,0
Cc1ccc2ccccc2c1,0
CCCC(C)C=O,0
O=C1c2ccccc2C(=O)N1SC(Cl)(Cl)Cl,1
Cc1ccc2nc(C)ccc2c1,0
CCOP(=S)(OCC)Oc1cc(C)nc(C(C)C)n1,1
Nc1c(Cl)c(Cl)nc(C(=O)O)c1Cl,0
O=Cc1cc(O)c(O)c(O)c1,0
CCCCCCCCCCCCCCO,1
Oc1cccc(Br)c1,0
Nc1cc(Cl)c(Cl)cc1[N+](=O)[O-],1
O=[N+]([O-])c1ccc(Cl)c([N+](=O)[O-])c1,1
CN(C)C(=O)Nc1ccc(Cl)c(Cl)c1,0
Cc1cc(N)ncc1[N+](=O)[O-],0
CCCCCCCCCCN,1
O=C1C2(Cl)C3(Cl)C4(Cl)C(Cl)(Cl)C5(Cl)C3(Cl)C1(Cl)C5(Cl)C24Cl,1
O=C(O)CCCBr,0
C=C(C=O)CCCC,1
CCSc1ccccc1,0
COc1cc(O)cc(OC)c1,0
COc1ccc(C(c2ccc(OC)cc2)C(Cl)(Cl)Cl)cc1,1
CCCOC(=O)CCl,1
C=C1C2CCC3C2C(C)(C)CCCC13C,0
Cc1ccc([N+](=O)[O-])cc1[N+](=O)[O-],0
CCOC(=O)CC(C)O,0
CCN(CC)C(C)=O,0
O=C(O)c1cccc(C(=O)O)n1,0
C=CC(=O)NCNC(=O)C=C,0
C=C1C(=O)NC(C)C(=O)NC(CC(C)C)C(=O)NC(C(=O)O)C(C)C(=O)NC(CCCN=C(N)N)C(=O)NC(C=CC(C)=CC(C)C(O)Cc2ccccc2)C(C)C(=O)N(C)C(C(=O)O)CCC(=O)N1C,1
CC(C)CCCCCCCOC(=O)c1ccccc1C(=O)OCCCCCCCC(C)C,0
CCCCOC(N)=O,0
Cc1cc(C(C)(C)C)c(O)c(C(C)(C)C)c1,1
CCCCCN,0
O=C(O)c1ccc(Cl)cc1Cl,0
C=CC(Cl)CCl,1
Oc1ccc(C(F)(F)F)cc1,0
CCCCCCCl,0
Oc1c(Br)c(Br)c(Br)c(Br)c1Br,1
O=[N+]([O-])c1cccc([N+](=O)[O-])c1O,0
COc1ccccc1O,0
CCN(CC)c1ccc(C=O)c(O)c1,1
Cc1ccc2ccccc2n1,0
CCC(=O)Cc1ccccc1,0
Clc1ccc(Cl)c(-c2cc(Cl)c(Cl)cc2Cl)c1,1
O=[N+]([O-])c1cccc(Cl)c1,0
O=Cc1ccc[nH]1,0
CCOC(=O)CCC(=O)OCC,0
C=C(C)C(=O)OCCCC,0
ClCc1cccc2ccccc12,0
ClC(Cl)Cl,0
CCN(CC)c1ccccc1,0
CCOC(=O)Cc1cccs1,0
Cc1ccc(CO)cc1,0
CCCCCCCCCC=O,1
CC1=CC(=O)CC(C)(C)C1,0
CCCCOc1ccc(C=O)cc1,0
O=[N+]([O-])c1ccccc1O,0
Fc1cc(F)c(F)nc1F,0
C=CC(=O)OCCCCC,0
O=[N+]([O-])c1ccccc1,0
NNC(=O)c1ccccc1O,0
c1ccncc1,0
C=C(C)CO,0
CC(C)Oc1cccc(NC(=O)c2ccccc2C(F)(F)F)c1,1
ClCCl,0
O=[N+]([O-])c1ccc(O)cc1[N+](=O)[O-],0
ClC1=C(Cl)C2(Cl)C3C4C=CC(C4)C3C1(Cl)C2(Cl)Cl,1
CCCCN(CC)c1c([N+](=O)[O-])cc(C(F)(F)F)cc1[N+](=O)[O-],1
NCC(O)CN,0
CCCCCCNC(N)=S,0
CCCCSCCCC,0
CC1CCC(C(C)C)C(O)C1,0
Cc1ccccc1C(N)=O,0
Cc1ccc([N+](=O)[O-])c(N)c1,0
O=Cc1ccccc1Cl,0
O=[N+]([O-])c1ccc(Oc2ccccc2)cc1,1
C=CC(=O)OCc1ccccc1,1
O=C(O)c1cc(Cl)ccc1Cl,0
CCCCCOC=O,0
COP(=O)(OC)OC(Br)C(Cl)(Cl)Br,1
Oc1c(I)cc(I)cc1I,1
COC(=O)c1ccc(OC)cc1O,0
CCCCCCCCCc1ccc(O)cc1,1
CCCCN,0
COc1ccc(C=O)cc1,0
CC(O)CCl,0
CC(C)(C)c1ccncc1,0
OCCCl,0
Cc1cc2ccccc2n1C,0
COC(=O)COc1ccccc1,0
CN(C)c1nc(=O)n(C2CCCCC2)c(=O)n1C,0
CCCBr,0
O=C(CBr)c1cccs1,1
O=[N+]([O-])c1cc(Cl)c(Cl)c(Cl)c1,1
Nc1cc(Cl)c([N+](=O)[O-])cc1O,0
CC(=O)c1ccc(-c2ccccc2)cc1,0
COP(=S)(OC)Oc1ccc([N+](=O)[O-])cc1,1
CCc1ccc(CO)cc1,0
CCOc1cccc2ccccc12,1
CCCCCc1ccccc1,1
OC(c1ccc(Cl)cc1)(c1ccc(Cl)cc1)C(Cl)(Cl)Cl,1
Oc1cc(Cl)c(Cl)c(Cl)c1Cl,1
O=C(O)c1c(F)cccc1F,0
OCCCCCCCCBr,0
CC(C)C(Br)C(=O)O,0
C=CCCl,0
O=[N+]([O-])c1cccnc1SCc1ccccc1,1
C=C(C)C=O,0
OCCCCCc1ccccc1,0
Nc1cc(Cl)c(Cl)c(Cl)c1Cl,1
NC(=O)c1ccc(N)cc1,0
Oc1cccc(Cl)c1,0
Cc1ccccc1O,0
Nc1ccc([N+](=O)[O-])cc1,0
Nc1ccc([N+](=O)[O-])c2ccccc12,0
OCCCCc1ccccc1,0
O=Cc1ccc(Cl)s1,0
COC(=O)CCCCCCCCC(=O)OC,0
CCCCC(CC)COP(=O)(Oc1ccccc1)Oc1ccccc1,1
Clc1cc(Cl)c(Cl)cc1Cl,1
OCCc1ccc(O)cc1,0
c1cc2c3c(cccc3c1)CC2,1
C=CC(=O)CCC,1
COc1cc(C=O)ccc1O,0
CCOP(=O)(Cc1ccccc1)OCC,0
Oc1cccc(F)c1,0
O=P(O)(O)CCCl,0
COC(=O)c1ccc(O)cc1O,0
CCCCCC(=O)O,0
Oc1ccc(Oc2ccccc2)cc1,1
O=[N+]([O-])c1cc([N+](=O)[O-])c(O)c([N+](=O)[O-])c1,0
Cc1ccc(O)cc1C,0
Oc1c(F)c(F)cc(F)c1F,0
Cc1cc(C)c(N)c(C)c1,0
Cc1cccc(C)c1[N+](=O)[O-],0
C=CCOC(=O)CCCCC,0
Cc1cc(C)cc(O)c1,0
ClC(Cl)(Cl)c1ccccc1,0
CCN(CC)CCO,0
O=[N+]([O-])c1ccc(Br)s1,1
CCN(CC)c1c([N+](=O)[O-])cc(C(F)(F)F)c(N)c1[N+](=O)[O-],1
CCCCC(C(=O)OCC)C(=O)OCC,0
Cc1ccc(N(C)C)cc1,0
Cc1cccc(O)c1[N+](=O)[O-],0
Oc1cc(Cl)cc(Cl)c1,1
CCCCCC[N+](=O)[O-],0
COc1cc(CO)ccc1O,0
CCCCS(=O)(=O)CCCC,0
ClCCOCCCl,0
O=C(Oc1ccccc1)c1ccccc1C(=O)Oc1ccccc1,1
CCCCOC=O,0
CCOC(=O)CCCCl,0
O=[N+]([O-])c1cc(Cl)cc(Cl)c1O,1
CCC(=O)CC(=O)CC,0
CC(C)(C)c1cc([N+](=O)[O-])c(O)c([N+](=O)[O-])c1,1
C=CCOC(C)=O,0
OCC(O)CBr,0
C=COC(=O)CCCCC,0
Cc1cc(O)ccc1[N+](=O)[O-],1
CCNc1nc(Cl)nc(NCC)n1,1
NCCCCc1ccccc1,0
Oc1c(Cl)c(Cl)cc(Cl)c1Cl,1
O=C(O)CC(F)(F)C(F)(F)C(F)(F)C(F)(F)C(F)(F)C(F)(F)F,1
OCCCc1ccccc1,0
CC(=O)c1cccc(O)c1,0
CCCCO,0
C=C(C)C(=O)OCC(CC)CCCC,1
CCC(=O)OC(C)(C)C,0
Nc1ccc(O)c(N)c1,0
BrCCc1ccccc1,0
CCCC(Br)C(=O)O,0
CCC(C)c1ccc(O)cc1,0
CCCC(CCC)C(=O)O,0
CC(=O)C(C)=O,0
CCCCI,0
CCCN(CCC)CCC,0
CC(C)NC(C)C,0
Cc1ccc(Cl)c(N)c1,0
CCC(C)C(N)CO,0
CNCC(O)CO,0
c1cncnc1,0
CCCC(=O)c1ccccc1,0
CC(C)(C)C(O)C(Cc1ccc(Cl)cc1)n1cncn1,0
COCC(=O)N(c1c(C)cccc1C)C(C)C(=O)OC,0
CC(=O)c1cc(F)ccc1O,0
O=C(CBr)c1ccccc1,1
NC(=O)c1ccc([N+](=O)[O-])cc1,0
Cc1cc(C)cc(N)c1,0
CCOC(=O)C(C)(C)O,0
O=C(O)CCCCCCC(=O)O,0
COP(=S)(OC)Oc1ccc(SC)c(C)c1,1
CC(O)Cc1ccccc1,0
COP(=S)(OC)Oc1ccc([N+](=O)[O-])c(Cl)c1,1
COCCCN,0
CCO,0
c1csc(-c2cccs2)c1,0
CCOC(N)=O,0
OCc1ccccc1Br,0
CSc1nc(NC2CC2)nc(NC(C)(C)C)n1,1
Brc1ccc(I)cc1,0
OCCCCO,0
CCCCCCC(Br)C(=O)O,0
Nc1cccc(CO)c1,0
COc1c(F)cc(Br)cc1[N+](=O)[O-],0
c1ccc2cnncc2c1,0
NNC=O,0
Oc1cc(Cl)c(Cl)c(Cl)c1,1
CCNC(C)=O,0
CCOC(=O)c1ccc(OC)cc1,0
CC(C)c1ccccc1N,0
O=C1C2CC3CC(C2)CC1C3,0
Oc1cc(Cl)c(Cl)cc1Cl,1
CCCCCCCC(C)=O,0
C1=CC2C3C=CC(C3)C2C1,0
CCCCCc1ccco1,0
c1ccc(Cc2cccnc2)cc1,0
CCOC(=O)C(Br)CBr,1
CC12CCC(C(Br)C1=O)C2(C)C,0
Oc1cc(O)cc(O)c1,0
CCC(O)(CC)C(C)(C)C,0
O=C(c1ccccc1)c1ccc(Br)cc1,0
Clc1cccc(Cl)c1C(Cl)Cl,1
OC(CBr)CBr,0
CCOC(=O)C(Br)C(C)Br,1
C=CCOC(=O)CC,0
COP(O)(=S)OC,0
Clc1ccccn1,0
Nc1c([N+](=O)[O-])cc(Cl)cc1[N+](=O)[O-],0
CCCCCCCCCCC(C)=O,1
CCOc1ccccc1,0
CS(=O)(=O)Oc1ccc(Cl)cc1Cl,1
Cc1cccc([N+](=O)[O-])c1[N+](=O)[O-],1
Cc1ccc(Cl)c(O)c1,0
CCCCCCCCC(O)CO,0
CC1CNCC(C)O1,0
Cc1ccc2ccccc2c1C,1
CC(C)(O)C(Cl)(Cl)Cl,0
Cc1cnccn1,0
CCCCCC(C)O,0
Oc1c(Br)cc(Br)cc1Br,1
CC(C)Cc1ccc(C(C)C(=O)O)cc1,0
Cc1ccccc1C=O,0
O=C(c1ccccc1)c1ccc(O)c(O)c1O,0
CCCCCCC1CCC(=O)O1,0
Nc1cccc(F)c1,0
COc1ccc([N+](=O)[O-])c(Cl)n1,1
Clc1ccc(Cl)c(-c2ccccc2Cl)c1,1
CCC(=O)CBr,1
Cc1c(C(N)=O)cc([N+](=O)[O-])cc1[N+](=O)[O-],0
COc1cccc(OC)c1C,0
CCOC(=O)C(C)Br,0
C=CC(=O)CC,1
CCC(=O)Nc1ccc(Cl)c(Cl)c1,1
C=Cc1ccccc1,0
CCOC(=O)C(C)(C)Br,0
CCc1cccc(N)c1,0
CCOC(=O)CCBr,0
Oc1c(Cl)cc(Cl)cc1Cl,1
C=CC(=O)Nc1ccccc1,0
O=C(O)CCCC(=O)O,0
Oc1ccccc1Cc1ccccc1,1
CCOP(=O)(OCC)OP(=O)(OCC)OCC,1
Nc1ccc(F)cc1,0
O=Nc1ccc(O)cc1,0
CC(C)(C)N,0
C=C1C2CCC(C2)C1(C)C,0
ClCC1CO1,0
N=C(N)N=C(N)Nc1ccccc1,0
Cc1ccc(O)cc1[N+](=O)[O-],0
O=C(CBr)c1cc2ccccc2oc1=O,1
COc1cc(Cl)c(Cl)c(Cl)c1O,1
CC(=O)C(Cl)Cl,0
Cc1c(O)ccc(O)c1C,1
BrC1CCCCC1,0
CCCCC(CC)COC(=O)c1ccccc1C(=O)OCC(CC)CCCC,0
Cc1cc(C)oc(=O)c1,0
CC1=CC=C(C(C)C)CC1,1
